Tenant_Name,Category_of_Use,Address,Downtown_District,Date_Opened,Date_Closed,Years_in_Business,Independent_v_Chain,Lat_Long_Coordinates_Y,Lat_Long_Coordinates_X
Who's Next Barber Shop,Service,128 East Franklin Street,East,1/1/2009,,8.032876712,Independent,35.9132267,-79.0545808
Bandido's Mexican Café,Restaurant,159.5 East Franklin Street,East,1/1/1995,,22.04383562,Independent,35.9141513,-79.0538817
Smoke Rings,Retail,418 West Franklin Street,West,1/1/2011,,6.032876712,Independent,35.9113366,-79.061308
The Standard,Restaurant,403 West Rosemary Street,West,12/1/2011,2014-01-01 00:00:00,2.087671233,Independent,35.9114429,-79.0625272
Brown's Paint and Hardware,Retail,420 West Franklin Street,West,1/1/1966,,51.0630137,Independent,35.9113457,-79.061335
Knotts Funeral Home,Service,113 North Graham Street,West,1/1/1950,,67.0739726,Independent,35.9103832,-79.064743
Gentlemen's Corner,Retail,140 West Franklin Street,Central,4/15/2014,,2.745205479,Chain,35.912793,-79.0575945
Princeton Review,Service,149 East Franklin Street,East,1/1/2010,,7.032876712,Chain,35.9140295,-79.0542028
Waffle House,Restaurant,127 East Franklin Street,East,11/1/2013,,3.197260274,Chain,35.9138106,-79.054864
Back Door Records,Retail,137 East Franklin Street,East,1/1/2000,2015-07-02 00:00:00,15.50958904,Independent,35.9139617,-79.0545033
Bank of America,Service,137 East Franklin Street,East,1/1/2000,2011-01-01 00:00:00,11.00821918,Chain,35.9139617,-79.0545033
University PC,Service,128 East Franklin Street,East,11/24/2015,2016-03-01 00:00:00,0.268493151,Chain,35.9132267,-79.0545808
The Deep End,Bar,201 East Franklin Street,East,1/1/2009,2015-06-01 00:00:00,6.416438356,Independent,35.9145697,-79.0528396
Classic Fashions,Retail,171 East Franklin Street,East,1/1/1995,,22.04383562,Independent,35.9143467,-79.0535396
KLW Yoga,Service,601 West Rosemary Street,West,3/1/2016,2016-07-07 00:00:00,0.350684932,Independent,35.9106835,-79.065186
Sup Dogs,Restaurant,107 East Franklin Street,East,6/1/2014,,2.616438356,Independent,35.9135933,-79.055474
Dead Mule Club,Bar,303 West Franklin Street,West,8/1/1994,,22.4630137,Independent,35.911266,-79.059704
The Library,Bar,120 East Franklin Street,East,1/1/2002,,15.03835616,Independent,35.9131478,-79.0548774
Smoothie King,Restaurant,115 East Franklin Street,East,2/5/2016,,0.934246575,Chain,35.91362,-79.0552405
Carolina Coffee Shop,Restaurant,138 East Franklin Street,East,1/1/1922,,95.09315068,Independent,35.913361,-79.054283
Yogurt Pump,Restaurant,106 West Franklin Street,Central,1/1/1982,,35.05205479,Independent,35.9132505,-79.0563515
Teen Center,Service,179 East Franklin Street,East,1/1/1985,,32.04931507,Independent,35.9144158,-79.0532029
Uniquities,Retail,452 West Franklin Street,West,1/1/1992,,25.04657534,Independent,35.9108239,-79.0625613
Ascension Tattoos,Service,405.75 West Franklin Street,West,1/1/2013,,4.030136986,Independent,35.9109798,-79.0607288
Estetica Silvia,Service,104 North Graham Street,West,1/1/2011,,6.032876712,Independent,35.9108299,-79.0650441
Asia Café,Restaurant,118 East Franklin Street,East,1/1/2000,,17.04109589,Independent,35.9131394,-79.0549742
Recovery Room,Restaurant,108 Henderson Street,East,1/1/2008,2015-07-01 00:00:00,7.501369863,Independent,35.9147965,-79.0528982
Nationwide Insurance,Service,400 West Rosemary Street,West,1/1/2012,,5.032876712,Chain,35.9118459,-79.0627142
Tarheel Telecom,Retail,109 North Graham Street,West,1/1/2006,2014-12-01 00:00:00,8.920547945,Independent,35.9102049,-79.0647099
Italian Pizzeria III,Restaurant,508 West Franklin Street,West,6/1/1985,,31.63561644,Independent,35.9102414,-79.064002
Crook's Corner,Restaurant,610 West Franklin Street,West,1/1/1982,,35.05205479,Independent,35.9098609,-79.0649665
University Baptist Church,Church,100 South Columbia Street,Central,###############################################################################################################################################################################################################################################################,,162.1369863,Independent,35.9125835,-79.0558572
Franklin Street Yoga Boutique,Retail,431 West Franklin Street,West,11/14/2016,,0.15890411,Independent,35.9100322,-79.0628443
West End Wine Bar,Bar,450 West Franklin Street,West,1/1/2005,,12.03561644,Independent,35.9108434,-79.0624793
Tar Heel Taxi,Service,110 North Graham Street,West,1/1/1994,,23.04383562,Independent,35.9107662,-79.0644545
Bski's,Restaurant,147 East Franklin Street,East,9/1/2005,,11.36986301,Independent,35.9139677,-79.0542536
Chapel Hill Cleaners,Service,422 West Franklin Street,West,1/1/1994,,23.04383562,Independent,35.9112521,-79.0613756
411 West Italian Café,Restaurant,411 West Franklin Street,West,1/1/1990,,27.04657534,Independent,35.9106161,-79.0615118
Goodfellow's,Bar,149.5 East Franklin Street,East,1/1/2000,,17.04109589,Independent,35.9140295,-79.0542028
Zinaz,Retail,400 West Rosemary Street,West,1/1/2009,2011-07-01 00:00:00,2.495890411,Independent,35.9118459,-79.0627142
The Cave,Cultural Destination,452.5 West Franklin Street,West,1/1/1968,,49.0630137,Independent,35.9108239,-79.0625613
Old Chicago,Restaurant,140 West Franklin Street,Central,3/17/2014,,2.824657534,Chain,35.912793,-79.0575945
Jimmy John's,Restaurant,306 West Franklin Street,West,1/1/2001,,16.03835616,Chain,35.912013,-79.0600363
Good Bones Vintage,Retail,406 West Rosemary Street,West,1/1/2008,2012-12-31 00:00:00,5.002739726,Independent,35.9116556,-79.0631153
Multiverse Gamers,Retail,128 East Franklin Street,East,1/1/2013,2015-06-01 00:00:00,2.41369863,Independent,35.9132267,-79.0545808
Kaplan Educational Center,Service,308 West Rosemary Street,Central,1/1/2002,,15.03835616,Chain,35.9131538,-79.0596843
Moss,Service,400 West Rosemary Street,West,1/1/2010,,7.032876712,Independent,35.9118459,-79.0627142
Kidzu,Cultural Destination,105 East Franklin Street,East,1/1/2006,2011-01-01 00:00:00,5.002739726,Independent,35.9135739,-79.055577
Top This!,Restaurant,161 East Franklin Street,East,1/1/2013,2014-12-30 00:00:00,1.994520548,Independent,35.9141728,-79.0538136
Chapel Hill Tire,Service,464 West Franklin Street,West,1/1/1953,,64.07123288,Independent,35.9104236,-79.0627941
Chipotle,Restaurant,301 West Franklin Street,West,6/1/2007,,9.621917808,Chain,35.9113993,-79.0595834
to the woods salon,Service,601 West Rosemary Street,West,3/1/2014,,2.868493151,Independent,35.9106835,-79.065186
Syd's Hair Shop,Service,106 North Graham Street,West,1/1/2001,,16.03835616,Independent,35.9105474,-79.0642914
Khushi Salads & Wraps,Restaurant,169 East Franklin Street,East,1/19/2016,,0.980821918,Independent,35.9142821,-79.0535403
Artisan Pizza Kitchen,Restaurant,153 East Franklin Street,East,1/1/2010,,7.032876712,Independent,35.9141,-79.054093
School Kids Records,Retail,405.5 West Franklin Street,West,1/1/2000,,17.04109589,Independent,35.9109798,-79.0607288
I ? NY Pizza,Restaurant,106 West Franklin Street,Central,1/1/2000,,17.04109589,Chain,35.9132505,-79.0563515
Somethin' Else,Retail,318 West Franklin Street,West,11/1/2009,2013-12-01 00:00:00,4.084931507,Independent,35.9115179,-79.0606675
Johnny T-shirt,Retail,128 East Franklin Street,East,1/1/1983,,34.05205479,Independent,35.9132267,-79.0545808
Bub O'Malley's,Bar,157 East Rosemary Street,East,4/1/1987,,29.80273973,Independent,35.9152247,-79.0540321
Top of the Hill Great Room,Event Space,100 East Franklin Street,East,1/1/2010,,7.032876712,Independent,35.9129612,-79.0553089
High Life Smoke Shop,Service,137 East Franklin Street,East,8/1/2016,,0.446575342,Independent,35.9139617,-79.0545033
Tony Hall and Associates,Service,311 West Rosemary Street,Central,1/1/1986,,31.04931507,Independent,35.9126002,-79.0595407
Lime Fresh Mexican Grill,Restaurant,140 West Franklin Street,Central,4/10/2013,2015-11-05 00:00:00,2.57260274,Chain,35.912793,-79.0575945
Moe's Southwest Grill,Restaurant,110 West Franklin Street,Central,11/10/2015,,1.17260274,Chain,35.9131982,-79.0565789
Northside District,Restaurant,403 West Rosemary Street,West,10/12/2015,,1.252054795,Independent,35.9114429,-79.0625272
Lantern,Restaurant,421 West Franklin Street,West,1/1/2002,,15.03835616,Independent,35.910443,-79.062233
Fitzgerald's Irish Pub,Restaurant,206 West Franklin Street,Central,4/15/2013,2016-01-04 00:00:00,2.723287671,Chain,35.9123709,-79.0588829
Chapel Hill Underground,Bar,157.5 East Rosemary Street,East,9/19/2012,2016-02-01 00:00:00,3.369863014,Independent,35.9152247,-79.0540321
Cuban Revolution,Restaurant,401 West Franklin Street,West,12/2/2016,,0.109589041,Independent,35.9110638,-79.0605245
Ben & Jerry's,Restaurant,102 West Franklin Street,Central,1/1/2000,,17.04109589,Chain,35.9132266,-79.0561369
Fedora,Retail,151 East Franklin Street,East,6/1/2014,,2.616438356,Independent,35.9139706,-79.0541075
Mina's Grill,Restaurant,403 West Franklin Street,West,4/1/2014,2015-06-01 00:00:00,1.167123288,Independent,35.9110034,-79.0605443
Joseph's Hairstyling,Service,205 North Columbia Street,Central,1/1/2000,,17.04109589,Independent,35.915751,-79.057965
CVS,Service,137 East Franklin Street,East,11/1/2013,,3.197260274,Chain,35.9139617,-79.0545033
Crepe Traditions,Restaurant,140 West Franklin Street,Central,9/19/2015,,1.315068493,Independent,35.912793,-79.0575945
Franklin Street Yoga,Service,431 West Franklin Street,West,1/1/2007,,10.03561644,Independent,35.9100322,-79.0628443
Benny Cappella's,Restaurant,122 East Franklin Street,East,3/25/2016,,0.8,Chain,35.9131573,-79.0547841
Chapel Hill Florist,Retail,200 West Franklin Street,Central,1/1/1992,,25.04657534,Independent,35.9123562,-79.0583233
Bevello Clothing,Retail,142 East Franklin Street,East,7/1/2011,,5.536986301,Chain,35.9133956,-79.054177
Hair Cuttery,Service,306 West Franklin Street,West,1/1/1997,2010-01-01 00:00:00,13.00821918,Independent,35.912013,-79.0600363
Passport Motors,Service,608 West Franklin Street,West,1/1/1993,,24.04383562,Independent,35.909662,-79.0648338
Papa Johns,Restaurant,607 West Franklin Street,West,1/1/2000,,17.04109589,Chain,35.9094771,-79.0645499
Vespa Restaurant,Restaurant,306 West Franklin Street,West,1/1/2000,,17.04109589,Independent,35.912013,-79.0600363
Wells Fargo,Service,165 East Franklin Street,East,1/1/2010,,7.032876712,Chain,35.9142884,-79.0536817
Sotheby's Realty,Service,140 West Franklin Street,Central,,,,Chain,35.912793,-79.0575945
Bikram Yoga,Service,601 West Rosemary Street,West,4/1/2014,2015-12-30 00:00:00,1.747945205,Independent,35.9106835,-79.065186
Ackland Art Museum,Cultural Destination,101 South Columbia Street,East,1/1/1958,,59.06849315,Independent,35.9127264,-79.0555436
Sugarland,Restaurant,140 East Franklin Street,East,8/1/2007,,9.454794521,Independent,35.9135201,-79.0543512
The Strowd,Bar,159 East Franklin Street,East,3/25/2015,,1.802739726,Independent,35.9141513,-79.0538817
Beer Study,Bar,106 North Graham Street,West,11/27/2012,,4.126027397,Independent,35.9105474,-79.0642914
Jones Funeral Home,Service,112 South Graham Street,West,1/1/1945,,72.07671233,Independent,35.9091043,-79.0641536
The Shrunken Head,Retail,155 East Franklin Street,East,1/1/1974,,43.05753425,Independent,35.9140505,-79.0540058
Uptown Beauty Salon,Service,400 West Rosemary Street,West,1/1/2011,,6.032876712,Independent,35.9118459,-79.0627142
Moshi Moshi,Service,416 West Franklin Street,West,1/1/2004,,13.03835616,Independent,35.9113157,-79.0611653
Topo Distillery,Cultural Destination,505 West Franklin Street,West,1/1/2013,,4.030136986,Independent,35.9094733,-79.0635935
Local Liquids Vape Shop,Service,400 West Rosemary Street,West,5/1/2016,,0.698630137,Independent,35.9118459,-79.0627142
Top of the Hill,Restaurant,100 East Franklin Street,East,1/1/1995,,22.04383562,Independent,35.9129612,-79.0553089
Tomato Jake's,Restaurant,163 East Franklin Street,East,3/1/2012,2012-12-19 00:00:00,0.802739726,Chain,35.9142612,-79.0537452
Underground Printing,Retail,133 East Franklin Street,East,9/1/2012,,4.364383562,Chain,35.9138036,-79.0547013
Zog's Pool Hall,Bar,108.5 Henderson Street,East,1/1/1995,,22.04383562,Independent,35.9147965,-79.0528982
Xenia,Retail,422 West Franklin Street,West,2/1/2016,2016-04-28 00:00:00,0.238356164,Independent,35.9112521,-79.0613756
Goldies Grille,Restaurant,137 East Franklin Street,East,1/1/2003,2008-01-01 00:00:00,5.002739726,Independent,35.9139617,-79.0545033
Hummus Café,Restaurant,169 East Franklin Street,East,8/1/2013,2015-10-30 00:00:00,2.246575342,Independent,35.9142821,-79.0535403
Greenbridge Sales Office,Service,601 West Rosemary Street,West,1/1/2013,2015-06-01 00:00:00,2.41369863,Independent,35.9106835,-79.065186
Mei Asian,Restaurant,143 East Franklin Street,East,10/9/2012,2015-06-01 00:00:00,2.643835616,Independent,35.9139627,-79.0543046
Jeffery West General Dentistry,Service,601 West Rosemary Street,West,1/1/2014,,3.030136986,Independent,35.9106835,-79.065186
Sawasdee Thai Restaurant,Restaurant,110 North Columbia Street,East,10/1/2015,,1.282191781,Independent,35.913643,-79.0557404
Ms Molly's Gift Shop,Retail,111 South Merritt Mill Road,West,1/1/1992,2016-03-01 00:00:00,24.18082192,Independent,35.9087894,-79.0644874
Varsity Theatre,Cultural Destination,123 East Franklin Street,East,1/1/1955,,62.07123288,Independent,35.913835,-79.0550047
Studio Design Gallery,Retail,431 West Franklin Street,West,11/1/2013,,3.197260274,Independent,35.9100322,-79.0628443
DSI Comedy,Cultural Destination,462 West Franklin Street,West,5/1/2014,,2.701369863,Independent,35.9107085,-79.0629318
Jack Sprat,Restaurant,161 East Franklin Street,East,1/5/2005,2012-10-09 00:00:00,7.764383562,Independent,35.9141728,-79.0538136
Clothing Warehouse,Retail,109 East Franklin Street,East,1/1/2009,2015-04-30 00:00:00,6.328767123,Chain,35.9136207,-79.0553921
Chapel Hill Barber Shop,Service,431 West Franklin Street,West,1/1/1967,,50.0630137,Independent,35.9100322,-79.0628443
Mellow Mushroom,Restaurant,310 West Franklin Street,West,3/1/2013,,3.868493151,Chain,35.9115797,-79.0605167
d.b. Sutton,Service,406 West Franklin Street,West,1/1/2000,,17.04109589,Independent,35.9114373,-79.060897
Chopsticks & More,Restaurant,163 East Franklin Street,East,8/1/2013,2014-12-30 00:00:00,1.41369863,Independent,35.9142612,-79.0537452
Sakura Express,Restaurant,110 North Columbia Street,East,1/1/2001,2015-08-24 00:00:00,14.65205479,Independent,35.913643,-79.0557404
Noodles & Co,Restaurant,214 West Franklin Street,Central,7/1/2008,,8.536986301,Chain,35.9119875,-79.0594893
Spanky's,Restaurant,101 East Franklin Street,East,1/1/1977,,40.05479452,Independent,35.913469,-79.05567
Nail Trix,Service,306 West Franklin Street,West,1/1/2004,,13.03835616,Independent,35.912013,-79.0600363
Gigi's Cupcakes,Restaurant,140 West Franklin Street,Central,3/1/2013,2014-06-01 00:00:00,1.252054795,Chain,35.912793,-79.0575945
Something Different Cafe,Restaurant,431 West Franklin Street,West,11/2/2016,,0.191780822,Independent,35.9100322,-79.0628443
Franklin Street Market,Service,167 East Franklin Street,East,1/1/2011,,6.032876712,Independent,35.914332,-79.053625
Jiffy Lube,Service,607 West Franklin Street,West,1/1/2000,,17.04109589,Chain,35.9094771,-79.0645499
At Last Salon and Spa,Service,109 North Graham Street,West,1/1/2011,2013-01-01 00:00:00,2.002739726,Independent,35.9102049,-79.0647099
Cholanad Restaurant,restaurant,308 West Franklin Street,West,12/1/2011,,5.117808219,Independent,35.9117474,-79.0601652
Hell,Bar,157.5 East Rosemary Street,East,1/1/1997,2008-12-01 00:00:00,11.92328767,Independent,35.9152247,-79.0540321
Midway Community Kitchen,Service,505 West Rosemary Street,West,1/1/2016,,1.030136986,Independent,35.9109871,-79.0645924
Shanghai Dumplings,Restaurant,143 East Franklin Street,East,8/28/2015,,1.375342466,Independent,35.9139627,-79.0543046
Precise Cutz & Styles,Service,137 East Franklin Street,East,1/1/2005,,12.03561644,Independent,35.9139617,-79.0545033
He's Not Here,Bar,112.5 West Franklin Street,Central,11/1/1972,,44.22465753,Independent,35.9128444,-79.05655
Carolina Ale House,Restaurant,419 West Franklin Street,West,10/26/2015,,1.21369863,Chain,35.9104767,-79.0620511
Sutton's Drug Store,Restaurant,159 East Franklin Street,East,1/1/1923,,94.09315068,Independent,35.9141513,-79.0538817
Linda's Bar & Grill,Restaurant,203 East Franklin Street,East,1/1/1976,,41.05753425,Independent,35.9145561,-79.0527465
Elaine's,Restaurant,454 West Franklin Street,West,1/1/1999,,18.04109589,Independent,35.910804,-79.062627
Blue Horn Lounge,Bar,125 East Franklin Street,East,1/1/2005,,12.03561644,Independent,35.9137288,-79.0549214
Morehead Planetarium,Cultural Destination,250 East Franklin Street,East,1/1/1949,,68.0739726,Independent,35.9139033,-79.05051
Krispy Kreme,Restaurant,157 East Franklin street,East,6/1/2010,2015-06-01 00:00:00,5.002739726,Chain,35.9141034,-79.0540341
TRU Deli + Wine,Restaurant,114 Henderson Street,East,8/1/2012,,4.449315068,Independent,35.9151581,-79.0531202
Orange County Job Skills Center,Service,503 West Franklin Street,West,1/1/2000,,17.04109589,Independent,35.909628,-79.063404
Pantana Bob's,Bar,300 West Rosemary Street,Central,1/1/1983,,34.05205479,Independent,35.913161,-79.0589408
Four Corners,Restaurant,175 East Franklin Street,East,1/1/1995,,22.04383562,Independent,35.9143115,-79.0533495
Wesley Campus Ministry,Church,157.5 East Franklin Street,East,1/1/2013,,4.030136986,Undetermined,35.9141034,-79.0540341
Joe's Joint,Restaurant,161.5 East Franklin Street,East,10/10/2006,,10.2630137,Independent,35.9141728,-79.0538136
La Potosina Mexican Tienda,Grocery,407 West Rosemary Street,West,1/1/1999,,18.04109589,Independent,35.9113021,-79.0627764
Triangle Cellular Repair,Service,601 West Rosemary Street,West,4/1/2015,,1.783561644,Chain,35.9106835,-79.065186
Delaine's House of Beauty,Service,111 North Graham Street,West,1/1/2009,2016-01-01 00:00:00,7.002739726,Independent,35.9103483,-79.064619
Robert's,Bar,311 West Franklin Street,West,12/1/2006,,10.12054795,Independent,35.9111177,-79.0601279
Lime & Basil,Restaurant,200 West Franklin Street,Central,1/1/2005,,12.03561644,Independent,35.9123562,-79.0583233
BB&T,Service,143 East Rosemary Street,East,1/1/1979,,38.05479452,Chain,35.9149792,-79.05466
Hotdogs and Brew,Restaurant,169 East Franklin Street,East,5/29/2012,2013-10-06 00:00:00,1.356164384,Independent,35.9142821,-79.0535403
Studio Supply,Retail,421 West Franklin Street,West,1/1/1998,2012-05-01 00:00:00,14.33972603,Independent,35.910443,-79.062233
Talulla's,Restaurant,456 West Franklin Street,West,1/1/2004,,13.03835616,Independent,35.9107663,-79.06271
Breadmen's,Restaurant,324 West Rosemary Street,West,1/1/1974,,43.05753425,Independent,35.9125168,-79.0610477
Salon 135,Service,128 East Franklin Street,East,1/1/1982,,35.05205479,Independent,35.9132267,-79.0545808
Chapel Hill Comics,Retail,316 West Franklin Street,West,1/1/1990,,27.04657534,Independent,35.9115378,-79.0606062
Bluetique,Retail,318 West Franklin Street,West,2/7/2014,,2.928767123,Chain,35.9115179,-79.0606675
Next Door Cleaners,Service,601 West Rosemary Street,West,3/1/2016,2016-08-01 00:00:00,0.419178082,Independent,35.9106835,-79.065186
Walt's Grill,Restaurant,111 South Merritt Mill Road,West,1/1/1974,,43.05753425,Independent,35.9087894,-79.0644874
Ply,Service,157.5 East Franklin Street,East,1/1/2013,2014-01-01 00:00:00,1,Independent,35.9141034,-79.0540341
Players,Bar,159 East Franklin Street,East,1/1/1995,2014-11-01 00:00:00,19.84657534,Independent,35.9141513,-79.0538817
Ackland Museum Store,Retail,100 East Franklin Street,East,5/1/2011,,5.704109589,Independent,35.9129612,-79.0553089
Key Food Mart,Grocery,325 West Rosemary Street,West,1/1/1988,,29.04931507,Independent,35.9120781,-79.0604977
The Crunkleton,Bar,320 West Franklin Street,West,1/1/2008,,9.035616438,Independent,35.9114965,-79.0607226
First Baptist Church,Church,106 North Roberson Street,West,###############################################################################################################################################################################################################################################################,,141.1232877,Undetermined,35.9108808,-79.0632726
Bread & Butter,Restaurant,503 West Rosemary Street,West,9/1/2011,,5.367123288,Independent,35.9109784,-79.0643014
Pulse,Bar,136 East Rosemary Street,East,1/1/2012,2015-09-15 00:00:00,3.706849315,Independent,35.9143164,-79.0548735
Light Art + Design,Cultural Destination,601 West Rosemary Street,West,1/1/2013,,4.030136986,Independent,35.9106835,-79.065186
Franklin Hotel,Service,311 West Franklin Street,West,1/1/2007,,10.03561644,Independent,35.9111177,-79.0601279
Imbibe,Restaurant,108 Henderson Street,East,2/1/2015,,1.945205479,Independent,35.9147965,-79.0528982
The Rathskeller,Restaurant,157.5 East Franklin Street,East,1/1/1948,2006-06-20 00:00:00,58.50684932,Independent,35.9141034,-79.0540341
MINT,Restaurant,504 West Franklin Street,West,1/1/2008,,9.035616438,Independent,35.9102389,-79.0637523
University Presbyterian Church,Church,209 East Franklin Street,East,###############################################################################################################################################################################################################################################################,,167.139726,Undetermined,35.9150055,-79.0525428
Toots & Magoo,Retail,142 East Franklin Street,East,2/1/2011,2009-01-01 00:00:00,-2.084931507,Independent,35.9133956,-79.054177
Industry,Restaurant,403 West Rosemary Street,West,1/1/2014,2015-03-01 00:00:00,1.161643836,Independent,35.9114429,-79.0625272
Kalimaki,Restaurant,431 West Franklin Street,West,1/1/2013,2016-03-30 00:00:00,3.243835616,Independent,35.9100322,-79.0628443
Ye Olde Waffle Shop,Restaurant,173 East Franklin Street,East,1/1/1972,,45.06027397,Independent,35.914286,-79.0534186
Insomnia Cookies,Restaurant,145 East Franklin Street,East,11/15/2013,,3.15890411,Chain,35.9139352,-79.054296
Grace Hair,Service,406 West Rosemary Street,West,,,,Undetermined,35.9116556,-79.0631153
R & R Grill,Restaurant,137 East Franklin Street,East,6/1/2009,,7.619178082,Independent,35.9139617,-79.0545033
Internationalist Books,Retail,405 West Franklin Street,West,1/1/1981,2014-08-01 00:00:00,33.60273973,Independent,35.9109798,-79.0607288
Thrill City,Retail,422 West Franklin Street,West,12/1/2013,2015-05-17 00:00:00,1.457534247,Independent,35.9112521,-79.0613756
Walker's Funeral Home,Service,120 West Franklin Street,Central,1/1/1937,,80.08219178,Independent,35.9131568,-79.0569646
Buns,Restaurant,107 North Columbia Street,Central,6/1/2008,,8.619178082,Independent,35.9134418,-79.0562239
Aveda,Service,200 West Franklin Street,Central,1/1/2005,2015-01-01 00:00:00,10.00547945,Chain,35.9123562,-79.0583233
Tate Realty,Service,342 West Rosemary Street,West,1/1/1956,,61.07123288,Independent,35.9119949,-79.0620644
Time After Time,Retail,414 West Franklin Street,West,1/1/1983,2014-03-19 00:00:00,31.23287671,Independent,35.9113572,-79.0611322
H2Only Cleaners,Service,601 West Rosemary Street,West,3/1/2014,2015-11-06 00:00:00,1.684931507,Independent,35.9106835,-79.065186
People's Beauty,Service,108 North Graham Street,West,1/1/1986,2014-08-01 00:00:00,28.6,Independent,35.910557,-79.064251
Time Out,Restaurant,201 East Franklin Street,East,1/1/1978,,39.05479452,Independent,35.9145697,-79.0528396
Walgreen's,Service,108 East Franklin Street,East,1/1/2010,,7.032876712,Chain,35.9130138,-79.0550829
Carolina Pride Sportswear,Retail,151 East Franklin Street,East,1/1/1983,2013-06-18 00:00:00,30.48219178,Independent,35.9139706,-79.0541075
Toppers,Restaurant,306 West Franklin Street,West,1/1/2014,,3.030136986,Chain,35.912013,-79.0600363
Starbucks,Restaurant,103 East Franklin Street,East,1/1/2000,,17.04109589,Chain,35.9134416,-79.0555858
Might as Well Bar & Grill,Restaurant,206 West Franklin Street,Central,,,,Undetermined,35.9123709,-79.0588829
Franklin Street Pizza & Pasta,Restaurant,163 East Franklin Street,East,1/1/1993,2012-02-28 00:00:00,19.16986301,Independent,35.9142612,-79.0537452
FRANK Gallery,Cultural Destination,109 East Franklin Street,East,1/1/2010,,7.032876712,Independent,35.9136207,-79.0553921
The Bicycle Chain,Retail,210 West Franklin Street,Central,1/1/1992,,25.04657534,Chain,35.9122102,-79.0592116
Mama Dip's,Restaurant,408 West Rosemary Street,West,1/1/1976,,41.05753425,Independent,35.9116242,-79.0634001
Al's Burger Shack,Restaurant,516 West Franklin Street,West,9/26/2013,,3.295890411,Independent,35.9101427,-79.0640878
Trolley Stop Hotdogs,Restaurant,306 West Franklin Street,West,3/25/2015,,1.802739726,Chain,35.912013,-79.0600363
Sweet Frog Yogurt,Restaurant,105 East Franklin Street,East,12/20/2011,2017-01-03 00:00:00,5.043835616,Chain,35.9135739,-79.055577
Fuse,Restaurant,403 West Rosemary Street,West,1/1/2004,2010-11-01 00:00:00,6.838356164,Independent,35.9114429,-79.0625272
Vimala's Curryblossom Café,Restaurant,431 West Franklin Street,West,6/1/2010,,6.619178082,Independent,35.9100322,-79.0628443
Roots Bistro,Restaurant,161 East Franklin Street,East,3/1/2015,,1.868493151,Independent,35.9141728,-79.0538136
Jasmin Bistro,Restaurant,100 West Franklin Street,Central,3/1/2015,,1.868493151,Chain,35.9132524,-79.0560806
Baxter Arcade,Cultural Destination,108 North Graham Street,West,10/20/2014,,2.230136986,Independent,35.910557,-79.064251
Glenn's Tailor Shop,Service,136 East Rosemary Street,East,1/1/1986,,31.04931507,Independent,35.9143164,-79.0548735
Los Potrillos,Restaurant,220 West Rosemary Street,Central,1/1/2003,2016-02-15 00:00:00,13.13150685,Independent,35.9134516,-79.0585704
La Residence,Restaurant,202 West Rosemary Street,Central,1/1/1976,,41.05753425,Independent,35.9137366,-79.0579075
Tar Heel Bookstore,Retail,119 East Franklin Street,East,1/1/2000,2011-03-01 00:00:00,11.16986301,Independent,35.9137359,-79.0551138
Patio Loco,Restaurant,407 West Franklin Street,West,1/1/2001,2008-01-01 00:00:00,7.002739726,Independent,35.9108233,-79.060804
Cold Stone,Restaurant,131 East Franklin Street,East,1/1/2003,,14.03835616,Chain,35.9138158,-79.0548097
Lightyears,Retail,121 East Franklin Street,East,1/1/1985,,32.04931507,Independent,35.9138469,-79.055016
Subway Sandwiches,Restaurant,122 East Franklin Street,East,1/1/2005,2015-12-30 00:00:00,11,Chain,35.9131573,-79.0547841
Chapel Hill Sportswear,Retail,119 East Franklin Street,East,1/1/1989,,28.04657534,Independent,35.9137359,-79.0551138
Mediterranean Market,Grocery,414 West Franklin Street,West,1/1/2015,,2.030136986,Independent,35.9113572,-79.0611322
Local 506,Cultural Destination,506 West Franklin Street,West,1/1/1993,,24.04383562,Independent,35.9102202,-79.0638381
Legacy Cutz,Service,342 West Rosemary Street,West,1/1/2011,,6.032876712,Independent,35.9119949,-79.0620644
Inter Faith Council Homeless Shelter,Service,100 West Rosemary Street,Central,1/1/1966,,51.0630137,Independent,35.9141495,-79.056617
Creative Metalsmith Jewelry,Retail,117 East Franklin Street,East,1/1/1978,,39.05479452,Independent,35.9136296,-79.0552173
University Florist and Gift Shop,Retail,124 East Franklin Street,East,1/1/1946,,71.07671233,Independent,35.9131868,-79.0547046
Kipos Greek Taverna,Restaurant,431 West Franklin Street,West,3/25/2013,,3.802739726,Independent,35.9100322,-79.0628443
Expressions,Retail,137 East Franklin Street,East,1/1/2010,2016-08-01 00:00:00,6.58630137,Independent,35.9139617,-79.0545033
FedEX Kinko's,Service,114 West Franklin Street,Central,1/1/1992,,25.04657534,Chain,35.9131126,-79.0567636
Ashley Clarke Designs,Retail,431 West Franklin Street,West,1/1/2015,2016-03-30 00:00:00,1.243835616,Independent,35.9100322,-79.0628443
Nightlight,Cultural Destination,405 West Rosemary Street,West,1/1/2003,,14.03835616,Independent,35.911377,-79.062645
Hair Expressions,Service,406 West Rosemary Street,West,1/1/2015,,2.030136986,Independent,35.9116556,-79.0631153
Sandwhich,Restaurant,407 West Franklin Street,West,1/1/2005,,12.03561644,Independent,35.9108233,-79.060804
The Cellar,Bar,450.5 West Franklin Street,West,1/1/2005,,12.03561644,Independent,35.9105991,-79.0623407
Pepper's Pizza,Restaurant,107 East Franklin Street,East,1/1/1987,2013-03-04 00:00:00,26.1890411,Independent,35.9135933,-79.055474
Back Bar @ Top of the Hill,Restaurant,100 East Franklin Street,East,1/1/2010,,7.032876712,Independent,35.9129612,-79.0553089
Panera Bread Company,Restaurant,213 West Franklin Street,Central,4/1/2002,,14.79178082,Chain,35.9113948,-79.0589906
Guru India,Restaurant,508 West Franklin Street,West,1/1/2012,,5.032876712,Independent,35.9102414,-79.064002
Spicy Nine Sushi,Restaurant,140 West Franklin Street,Central,1/1/2014,,3.030136986,Independent,35.912793,-79.0575945
McAlister's Deli,Restaurant,205 East Franklin Street,East,1/1/2000,2016-11-24 00:00:00,16.90958904,Chain,35.9146155,-79.0526751
Ms Mong,Restaurant,163 East Franklin Street,East,6/21/2015,,1.561643836,Independent,35.9142612,-79.0537452
Limelight,Retail,406 West Franklin Street,West,1/1/2008,2011-01-19 00:00:00,3.052054795,Independent,35.9114373,-79.060897
Chapel Hill Training,Service,400 West Rosemary Street,West,1/1/2010,,7.032876712,Independent,35.9118459,-79.0627142
Carolina Brewery,Restaurant,460 West Franklin Street,West,1/1/1995,,22.04383562,Independent,35.9107329,-79.0628042
EyeCareCenter,Service,140 West Franklin Street,Central,1/1/1998,,19.04109589,Chain,35.912793,-79.0575945
Bank of America,Service,144 East Franklin Street,East,1/1/1990,,27.04657534,Chain,35.9134384,-79.054073
Sophie and Mollies Boutique,Retail,431 West Franklin Street,West,7/14/2014,2016-06-01 00:00:00,1.884931507,Independent,35.9100322,-79.0628443
Hazmat,Retail,405.75 West Franklin Street,West,1/1/2001,,16.03835616,Independent,35.9109798,-79.0607288
PNC Bank,Service,101 East Rosemary Street,East,1/1/2013,,4.030136986,Chain,35.9143451,-79.0560516
Franklin Street Motors,Service,601 West Franklin Street,West,1/1/2014,,3.030136986,Independent,35.9094661,-79.064214
Pita Pit,Restaurant,115 East Franklin Street,East,1/1/2003,2014-11-30 00:00:00,11.92054795,Independent,35.91362,-79.0552405
Cosmic Cantina,Restaurant,128 East Franklin Street,East,1/1/1999,,18.04109589,Independent,35.9132267,-79.0545808
McDonald's,Restaurant,409 West Franklin Street,West,1/1/1984,,33.05205479,Chain,35.9107829,-79.0611589
Jersey Mike's,Restaurant,107 North Columbia Street,Central,1/1/2004,2007-06-01 00:00:00,3.416438356,Chain,35.9134418,-79.0562239
Country Fried Duck,Bar,157 East Rosemary Street,East,6/1/2015,,1.616438356,Independent,35.9152247,-79.0540321
The Bookshop,Retail,400 West Franklin Street,West,1/1/1979,,38.05479452,Independent,35.9115454,-79.0608542
Rumors,Retail,106 North Graham Street,West,9/5/2013,,3.353424658,Independent,35.9105474,-79.0642914
Logan's Pub & Billiards,Bar,201 East Franklin Street,East,10/2/2015,2016-08-01 00:00:00,0.832876712,Independent,35.9145697,-79.0528396
Kurama Sushi & Noodle Express,Restaurant,105 North Columbia Street,Central,1/1/2004,,13.03835616,Independent,35.9134194,-79.0561536
Campus Calzones,Restaurant,115 East Franklin Street,East,1/1/2014,2014-12-01 00:00:00,0.915068493,Chain,35.91362,-79.0552405
Gamestop,Retail,100 East Franklin Street,East,1/1/2009,2014-08-01 00:00:00,5.583561644,Chain,35.9129612,-79.0553089
Julian's,Retail,135 East Franklin Street,East,1/1/1942,,75.07945205,Independent,35.913906,-79.054697
Chapel Hill Fan Shop,Retail,306 West Franklin Street,West,8/13/2014,2016-06-10 00:00:00,1.82739726,Chain,35.912013,-79.0600363
Arnold McClain Periodontology,Service,601 West Rosemary Street,West,1/1/2014,,3.030136986,Independent,35.9106835,-79.065186
Mediterranean Deli,Restaurant,410 West Franklin Street,West,1/1/1992,,25.04657534,Independent,35.9114715,-79.0610663
