date,event
2026-10-18,Women's basketball vs Davidson - Exhibition
2026-10-24,Football vs Syracuse
2026-10-27,Men's basketball vs Charlotte (Preseason)
2026-10-31,Football vs #4 Miami
2026-11-02,Men's basketball vs Western Carolina
2026-11-06,Men's basketball vs Wofford
2026-11-10,Men's basketball vs Wyoming
2026-11-11,Women's basketball vs NC Central
2026-11-13,Men's basketball vs Georgia
2026-11-14,Football vs Louisville
2026-11-20,Men's basketball vs Marshall
2026-11-23,Men's basketball vs Monmouth
2026-11-24,Women's basketball vs Gardner-Webb
2026-11-27,Women's basketball vs Army
2026-11-28,Football vs NC State
2026-11-29,Women's basketball vs Brown
2026-12-01,Men's basketball vs Arkansas
2026-12-02,Women's basketball vs LSU
2026-12-06,Men's basketball vs Butler
2026-12-06,Women's basketball vs Elon
2026-12-09,Women's basketball vs Winthrop
2026-12-13,Women's basketball vs NC State
2026-12-17,Women's basketball vs Georgia Tech
2026-12-21,Men's basketball vs The Citadel
2026-12-21,Women's basketball vs Norfolk State
2026-12-28,Women's basketball vs UNCW
2026-12-30,Men's basketball vs Cal
2027-01-07,Women's basketball vs Wake Forest
2027-01-09,Men's basketball vs NC State
2027-01-16,Men's basketball vs Stanford
2027-01-17,Women's basketball vs Boston College
2027-01-19,Men's basketball vs Virginia
2027-01-26,Men's basketball vs SMU
2027-01-28,Women's basketball vs Notre Dame
2027-01-31,Women's basketball vs Duke
2027-02-06,Men's basketball vs Georgia Tech
2027-02-07,Women's basketball vs Virginia Tech
2027-02-08,Men's basketball vs Louisville
2027-02-21,Women's basketball vs Florida State
2027-02-22,Men's basketball vs Miami
2027-02-25,Women's basketball vs Virginia
2027-03-06,Men's basketball vs Duke
